primaryName,secondName
Experimentator1,UGotToBeKiddinMe
Shefer_Aleksandr,Shefer_Alexandr
BelyakovBogdan,Belyakov_Bogdan
Andreyka02,polypoker
Andreyka02,Kazakh_Pod_Kumysom
FlySooHigh,LetMeLoseMyself
Maverick-Maverick,igoreganov
Maverick-Maverick,stars83
karpeshovdo,DeerPurple
loykozobar,deeravto
Think_Fast_Move_Slow,RUS-97
maximych545,maximych
mmd2022,nma2901
EasyTempo75,salsaweek75
AKM_7500,QWERTY35645678999
KingKondor,nedorocl
edgemen,edgemen2
Andreyka02,Kazakh_Pod_Kumysom
Andreyka02,Yoozhik
Phoenix_F,KRAPIVIN_FEDOR
